学生ID,综合GPA
1351e2a8ee9140935e5e,3.6428691411959084
6dfd920349b8a916ac22,3.5810441920018183
2180875a7b5c7dda9718,3.564397138174477
ef1a837655081da642e6,3.560832307408666
8890952ff9a4e20993c9,3.346129332077189
ed1f9062e86a79c7a2af,3.5863600899292782
1cf7548cc40b0b79f64e,3.3074099100042167
031bd3bb008fb4f2c112,3.5732193697132493
fefcaf838ab0e8212dfd,3.3041388404368126
9168ab8d7845669a2127,3.5447808714110556
f101cb94b348c2205ad6,3.552873509203571
b16b6ed24e53f9fea4dd,3.5689476701939133
e8ee570ea57f4b778139,3.66262995649216
5bb54454cc5efad653b9,3.5122139530951335
9222399166e4c44b283d,3.188281061886264
7e059d4e198ccf274add,3.5035990082539774
6bda9c2b8a031cfe4803,3.4948510746890724
2d9baf59b9c182420aef,3.392517355371715
daea515547958f68fe05,3.563839695400211
093ca7c821652c08240e,3.3738588095878503
38a0e9d389400ae2c264,3.4558592327517976
424f122d6bbaf7c74875,3.576483758925142
12e5361247ada675ad0b,3.4451229995918515
f7526c4b0544a70f581e,3.525945267927873
a4aa551a9c98177255e3,3.4793166271840255
e3d01867f48e5ecfd3d2,3.569763770998086
fa7f80a5d945943e12d6,3.1077390290712037
304492d18a311aba8111,3.6940066724647727
426ad57c0a9a3222c1b5,3.516126037924571
b666761dd6fc0c0be18d,3.320906605849834
7bbb8eea0dd7d0de5a59,3.183446144622926
adab9018092caf697aec,3.5009979700648364
ffc348c87d06e6408336,3.5552887135628657
69a2186136e1155f3c1c,3.2753481757480563
62f22a4e6b783dcebfcc,3.249325968064645
276ba370b101f605b53a,3.7669096421446033
6f7347f6eed315786869,3.575942136138756
93f11e5c0bf33b5248ff,3.6739490916705426
34f0c17b7a9f78536dbd,3.3647394684051823
5d78924134f8a62a8cb2,3.5555918253920344
6aa9b40b0892845670c3,3.2573602269613025
cc637c88352211aaecc9,3.1326721685021175
9bfe7b6e13443cc7346c,3.4667223348987113
7b66b76aac857824b75a,3.546872088505629
311061291a8a0d341365,3.5396556630726286
44b53c165b6aa2ccd535,3.0284943950402043
304d8513b85b2c35210e,3.5327708465980754
8769068b2c46220454c4,3.486224782550287
bc29208a3bfd2ea49d2c,3.6143288067467756
4ba3813bf8bd5d313590,3.5820531753858154
b20b5976497a1ffeebe6,3.6481137667715506
75ace52f4f0b7823d978,3.573833841963981
dcaab860589bdf558a95,3.4869037617738377
d4b4d0d3f0b9f12ad853,3.5897572596852774
591be0bd000288c3d4b6,3.668455689767959
9da36a4e77afa0c9f60f,3.479877914623521
7b7f9fc08d73390cc657,3.6979988471161596
171a6bebfc01a134f2e0,3.5412933574393923
40dc29f67d3a0ea205e4,3.584083
5d3c194be290f2c96d77,3.560161753321288
4fb57d342dff7129a443,2.9836603437880376
8dccb5cd67bdc8cc18cd,3.3390428069558515
1fd103e8be8beaf4b38e,3.5751422548971368
40b1a18c6ace2fef73a2,3.396061029191194
78b5f15022b9debd33e4,3.4010308491417254
9bb5593589a9cf2ebb47,3.516794342638284
61576e7b94178311e67d,3.3363394707893326
105afdef86e986ef71fc,3.3448336132023178
71e36ceb820c052c9e79,3.5475601126734295
6769267e12182afa549a,3.6019392671944024
7aea3090c4e2934cf740,3.560708183733218
e745d03ea97e80b218d9,3.6009566809382454
180d0eb23bebb3beeeba,3.2336032005116158
235a38131ca4c3b83ba6,3.365677569939087
7940328321deeef0cf0b,3.7450915894131844
eda94f427518b218ca92,3.4857502840969437
8993df6c2e410dbdb754,3.4973813680758417
598a18338c72fa41f2ce,3.437650916389848
762a0e7f473488afd977,3.4250932845250963
366960eca914f11a9ca9,3.3444493845656984
6058363b49731b7b47d9,3.5177486508634024
3608b9cfbdb821ac0ae5,3.4732365331987785
4719ab8e0d1c1381f1e2,3.6431267890095773
3d5ec8b2cdf122ef075e,3.4826338468275457
ec26dbc067bbaf6b079e,3.24686977641496
d0ea71633b479a1528d3,3.380655442100042
e692478d4822fc13d931,3.5152548596723454
971e495b8a2ee5afcf6f,3.4366107116912508
dbe83b6fbc611a84cf78,3.4973399301193444
3e2855149848b6774a19,3.435240985520429
e45f891a35ec8e66d989,3.479957855444318
a56700354881812b5bdd,3.580441052620208
1533afb2e9e8c7eb8695,3.589938747804033
c7948f13ae58a2730aac,3.574024666501052
1987012dd922c70ad4ea,3.4888833237067933
b064d21a1047602daa99,3.5978780141203037
0b6bcfd90c44170bf15e,3.4341692167030464
d7082bf936d2888127d5,3.452851588279791
9fc2660d7fa7702a402b,3.588576763559977
c9892c6a398228184ad2,3.6143740738642327
36a656a616bd218786fe,3.485151186166852
77b0ad43dca15956c73e,3.5530474881951113
15dea2af09370689dba0,3.2229142320141113
fdba8a1cadd7d4ad8cee,3.2245517591511748
315c1a6f0c46fe4273cf,3.4147751073467907
13d1d97002aac017e86a,3.213500007330217
de24917d671e95a1e9dc,3.584354702617552
1aa79a09e52026162d81,3.505010314923786
c1a9ab9f2fc95af22f11,3.434952184289009
ebe7fc2af65b482c3089,3.3974446487444743
d707d60f59dc3b3de193,3.5530701789182535
dc229a85d700b2066dd0,3.4874133381288948
caafdc2679c2c1d5e039,3.3780310870965513
6278435d824ee73328e9,3.72450017943921
ee37bbf05ae6ba5354a6,3.406970264338745
bcbdf7054df36f10beb9,3.5367707466595197
8cb45f6ff0bad82debea,3.518861801848252
ba18c4b2c87bdacbc21b,3.544822264322952
e57ec6a60e7f1b03ad19,3.5421010466650023
be83251c1929f081651c,3.3264534584015086
fa035e495f1f264228f3,3.5630285173470133
1b8fecce8e3dcae0a726,3.329938439795362
1a4f62530f7ce28493c5,3.5902866954577553
a3e0244d7ee96bd83a72,3.5151825728899757
174d9191bf59551e7bdd,3.514502566085546
60efbd4537f2bb81156d,3.75429948016724
cc0e9ff799108dff607e,3.714872568641133
c8b888c1efb6cbaf6cf2,3.5553216790077817
993b38232a9efe7e537c,3.477256689311978
cfcf83a4bd8e8ffc3352,3.528242767973004
7eca82a2a35ba641f1a9,3.6125288870232657
1baceefd07e1e42dbf5c,3.490923614549579
165c0d283fd88a23e4cd,3.72445925582334
ec236ed18a239566e3af,3.5367054452191473
6d0a23970d36a81787a1,3.2955907584037822
233291772cc6702282b7,3.579283936388058
44104ab93bf0e4794243,3.368989248997898
be89da9c65dec5759141,3.4578002047917016
e8a82075a1d20e16a2d4,3.2433600022171367
2e34742c3fcc3e4d0abd,3.5675857754466938
e5be8f33b7793d1cce91,3.6376140586334236
1d9259cb2748fa4d9d40,3.635628311872515
f3d83da198e1559b916c,3.6032340404813885
648b43e9f93ff2b3c45d,3.3961615861114955
0788335bad50c0d09f26,3.2042762065298893
6c1e01fc766e3ed6479e,3.5783749365316657
cdebe3a77558226036b1,3.5624862518476084
ddb6a84a4cb58ac6e9db,3.548939879072768
272dab9028a1ef1b2af2,3.4244663726260205
1b8c0e08d66e1c2cc010,3.5340773123877147
07d4c193d72f5d600024,3.4772454441795935
83a0b0241400892b2769,3.695880190462865
f95a50f29791321adcaa,3.4282759845391046
c6c4b0142324af7d98ec,3.437007012774891
1a7291f3e32618405c80,3.5421871463431875
7da5042c4a30c99d69ba,3.3903753869982074
81602a9ce7ef395a9abd,3.4300832847877905
b4c16c4421abcfbd1e9a,3.5889340780705288
487b05b788e8bdf04254,3.5579782840555003
9d2e09326d3f5997dd5c,3.197879504768273
83c8ce6c5a021ed4609c,3.4755703245720246
b080c79fae75f4bf9955,3.298050949413514
eafa729e12752eb69237,3.5034761869969406
cefb6687a634158f6b28,3.5619587617283264
79f938852a6a1811d8ea,3.5474911068372625
2e4e02158c044e157fcc,3.6589565099490278
903fc6d6ada3f45a92e8,3.513478756437528
5458937d7413a54ffe92,3.511590013909447
e37cdcc74b28c66bc16d,3.498293397428788
7777fd782a9c95c79180,3.5253176680716
e43af9481d6393401c47,3.5571783629453853
5609ad8cda829dc490d9,3.4424093843276955
c052561b89e4bfc26e27,3.4880792021304705
83d57c8614e71301db72,3.6780719860614886
ce460dfd8ceadfc44f74,3.7340615500025
9ed82b9d66fdd43e6d29,3.1295724382723824
5abad4114e4ebd22b0d2,3.619524674011834
2cc8f49e78ba0c18f30e,3.546977437813971
cafe096c55b17fe6c2e9,3.4109339122976143
c37788c1f7c58bc27ece,3.4237016125199693
ff94103dac5fa9ecd598,3.5545335673247314
dee06e834b29bafcb6d5,3.5278572258146914
0a4f6df146781522d08f,3.2906140544532354
7099c17dbdf5fb8dab3b,3.6291470067987666
42959b2157ce578fd46f,3.568625466104854
ec97cf332f1a1e23e8af,3.1336673230215046
61615d0f5f745d43a528,3.5284021659876634
5dd10c8ed7eb1f0e2d38,3.319060686317491
8849b54225417720f3eb,3.177157109242521
a0ef5c59dc2e04a8227f,3.416235683090995
9cbb8f8b9b85b4ea12cc,3.511307027853511
b7dda1219d73bb6052ab,3.421463514465379
5667c0be63e1bccfabcb,3.2710689900648253
0c049c825be79fbe455f,3.5550679246172967
46a3baab0bcb5614f371,3.5538357984318827
27067bf485dc55fffb9f,3.549363787273953
4eab811eae008da7e033,3.673429165190348
6a00afaa904f440e40f1,3.4815475957324997
1fdfeac7960cb20a1be8,3.5119286647814283
b400c00cc2ec66605733,3.1479083078117105
4fb6a61d2a2763cf63ea,3.180844401890247
ad260c19524b3ff27bff,3.602303229036372
9204bf1ce25122be996b,3.451764065227983
5a5ce86b24bfeee71941,3.592599876902475
7434208c8c1dfd130338,3.4745289347570383
8ade6f601a9ff85b018e,3.5715022767774007
ed8a7ac6f3a5cc948503,3.388891939640664
921ccf49fb22f524f1ba,3.6610961507034494
a3fb51c7a4cde511bb07,3.7735999049111433
224d8ad3706004371745,3.7489751956432746
381368270ce95cfe7137,2.85758909258245
57e5ba403b1fa28a0f32,3.675854871791805
4fa41199d9d7d06541f3,3.5776280115258237
a431552bab12698c060b,3.62868958042096
6ea836e113481a6d31b4,3.282753169940313
177e7cc61a51c3423557,3.499338451117999
38c5f23ba5ab9af61ef0,3.6156680328744732
c0ce617a369d73cd8287,3.470523462834101
363fdc4adf8c017134c3,3.345000513109901
f5a99c3a428e4c8b8a2c,3.461615974592653
9ee0c53bbf4725b7db16,3.516824406879457
a920f1afa7eb4137afd4,3.2686081067528425
a664e29517516a3c4f09,3.4662682801257665
ddd4817d64e4f293ab63,3.2639328340142333
a04dbefdee9ac7a1474e,3.4758670198304094
39e121625eb22e9ba94f,3.5293857862866025
0f75a0a58d362b6149b5,3.7462764437485907
9b67634199dc5d079bcc,3.5293636831584285
bd8be77712babdf32d47,3.653231861650702
49942f704cab223ad744,3.2121547482199366
f37b987c09fc29c371d7,3.4992367448408777
96f75c38590c7a634cd9,3.5964384847497604
14abdf42c752f895855a,3.59528797810244
38778da38725c24e9847,3.547683712040814
45ab8dec3b44b6a76c18,3.356587153766575
a514d77d0fb6cd72628b,3.5040473630742985
a894b013997dfa7e4b3d,3.4637690191273895
aa44ed5ec019ec5cc6cc,3.372610978787086
9e6ab71ff13cc711b6df,3.46431659571899
88ea1cfbfbfe7341d6a9,3.7161419856475595
36196544e7e856e4f03e,3.485088123204341
eff414ce4de5a363c26e,3.462277385275022
da1e7a1c326ebb11f042,3.1055401894057217
1d7b89d433bb18d82a60,3.7170082056362252
8fec54ea2a73f93c913c,3.4771112553528587
ad790932568430fab70f,3.6423086611503868
f42d1caeed8abcbd79c9,3.938584054409282
bdb11c6c1308f6818ea1,3.47278997101673
78c52f9dcf16d7ef0310,3.5213177727335596
f89c0ea6409d7c84af57,3.5429796645307965
eef070082f73d708403b,3.23981458246785
8f1f8ffcd824d2406fe5,3.6202715290645733
4c5ffed52f4b80c2ff6b,3.143965037672806
9be047edc7b15263595e,3.3695418190862005
c32d20cbc794d1557be1,3.504764829691246
77e2a12fad3580d54c29,2.786610682598016
46b37dda4230238ea4be,3.588331878355141
9afffb2c06290031fbff,3.026434254857711
6469f30a0e88f18dce5a,3.451510046175051
b7c0edebd1477a321388,3.438115948937784
30a47a2c33bed8d07e8f,3.302043800257386
4120df246b4260a8664c,3.394045476978156
8d84094153c2bd440420,3.3594450839316528
efee69d692718b4aac3b,3.2335961500183634
4b3c0b97b41e9ca6564e,3.5567363002193906
3c671cad5cdcedf4e17a,3.4658408796824096
69a5e8d2d5d334efc966,3.6517687995634764
eedd7249ec50894fd6a2,3.572171460856416
17e1fe44e1e434acb53a,3.436364109816245
eb89c6c26f3fb8475a5a,3.556123061596586
df653ebd6b8742c6d76e,3.3273659395080903
c54c17d1037b611818a1,3.528775373939445
c19e3c472048c98713dd,3.588126435245065
e8e1866a8631bd3df2b3,3.642510438751194
018e7fc065f7a259447e,3.5672053485474953
f4c248938ecc564a6771,3.4328154669774085
6eca7ace99961972e701,3.6822292336754208
cfe0a4015846c981c0fd,3.7364139326464487
54b6ae733b959e446880,3.454533600274451
a6587d41eb91ef44699d,3.463734848505587
5d7dfd30d947e9bf0a34,3.150686156226434
25aa8f34d21bf22eb1da,3.5373102603454845
dd5bcb9d623d160daf0c,3.6399592349829595
bfe481414d45fd350119,3.42004090115116
ee47a4354776d45a6363,3.5609022396813748
b3e77ebec7658ba050b3,3.5920758774157866
c85db3a03073ebf7a0fb,3.679812871596787
fa79e24a5712fe3d63e1,3.247552596283035
6a9d2e6a225d33ee5d69,3.498202360115463
1f18f00013d278d5dd77,3.404769864240868
dd43f702747d83a73933,3.3030079342399494
f01943e997c81974c55c,3.5552207262741353
a4708466bb888bea4658,3.5100258452576645
990bc71f39c4eda9c842,3.60626156711671
56c8361d710003ea5f31,3.5895140691109964
0def1b62b9b182f57657,3.442684934857218
9e12b7989962db711a17,3.2067250461452863
e965445fec77a1d27e09,3.219927342096546
7da8bf3ae1956466304a,3.591157375841269
3572437d2d07d19a93ea,3.280156301746863
24322820eacbbf98b168,3.520873188727669
5799f5bdf72ef887cfce,3.4815021553746623
00ac947481ed48b8a995,3.427686396269812
214fe9703a8173978c54,3.5333903474289263
0534f62633cbac0203e9,3.4727220843322106
dec9951029aa7375bc4a,3.6825241121597037
d32c087d2e558852bccb,3.2002692967934854
27ead5e3639ef67906d5,3.2552242622469043
eaece3e617d5fc3a149c,3.6269893384959095
4cf94c5ef2dfb234b603,3.5789428479430603
d4f7cf5df427a2b4ca46,3.4118180850591875
de0be9bcc3a0f4208e5b,3.6630181458870856
fe81af6db0c073e6a614,3.160183450581619
819fdf90d3263634feef,3.429047700936585
c2a9e3594dac80ab8d23,3.6041680113188113
79e8d43441fbf4dfa4ee,3.5919083314975273
116b85e78f159318d5c8,3.170666253847421
b84a04f2b4641b5d5186,3.695455372938304
4cbad46db7a5ac6c0d6a,3.082972459026073
54dfa54530da9ed5dcaf,3.5470787207102807
365dd7700b146889fd5c,3.6370207043915093
8cf127b1d5872ae68ebf,3.2890082991967438
2654c1e71ef965a9e6bf,3.6986576664359267
3e68ec5db47319caec20,3.886839593739828
7fddbfed1f9611218ca0,3.4766548909642188
39b682082c037ebf0f3c,3.49225576398313
06dc77fa497029d79167,3.628561592732601
7a17ea085bfd13fd8fdf,3.5885678093948377
da2504e2b91fb12bd273,3.5837025578806765
883472baf3281e524be4,3.5575275634642685
f408cdaaab80e32c2ea7,3.7568697294533626
f6fde30e8584eb831f9d,3.5030127469822423
76e99a9f853a598af4c2,3.2035634285039896
b3dc53cb21bbe29941b5,3.087503016639082
7a27872dfeb1e04e3b16,3.550939587110711
f898009d37d4bedc8fa0,3.5572802357131286
ceb8293684d72956352a,3.3658581548414395
f5b512de624689005f63,3.342203594580517
586b2dce9eb414a2c798,3.182253214467571
5eed49f8da5d8c7f3156,3.4797274497971875
5553c803807302ee9c54,3.427344834056007
c182cfa14e7ef9cc0cf9,3.5266616905870682
670a1d71403643a36a27,3.5366168750794236
853c21d29aef590fb60e,3.3319644682838634
fb5c136df18019dedade,3.551098341866598
4c4eab2257c86529334f,3.5155413547299963
f58cc97c3c28bbfc5e3d,3.4342402557191667
71b640d27e235529dd7b,3.604187103154536
a3c736f2c9e29ac0c17f,3.5356003362410524
a4f07d6c51b056bd03b4,3.500908588163006
6808f9483c81c635ec89,3.6556523074808274
84ec1c5a73d989c41058,3.489770714032054
9b80972a953accde6037,3.656235234969208
b090556b871d559f2c71,3.4077583426212277
5c6822efea850f8b35eb,3.5798186157928944
cb659d393592da8a44cf,3.468987249738027
c674234997de41661780,3.398366137710659
f7b108ce9453de58aece,3.293077393859128
bea2315b5f8a09c2e5f3,3.4260972049578617
09d5f083377c94d891d9,3.696316309774452
43b7324d4e638fdf8ace,3.3883881411329844
1382fb5159732f679427,3.2350416115842995
af43cbd46c7540b52923,3.467063904324468
406ecf6de9d300aff061,3.668757404292726
074bdad509fd37fb2e8f,3.3345868689699136
1543c4afd5349c82c84c,3.5980219068693122
759cb820e4dfc0cfc5ff,3.089639950554065
47517c99b979bf50dc5c,3.7678753973444463
968e5cf2339bbeb797a3,3.61814234144716
f12fa2b5541b6ed38025,3.6876415626676566
2add5ba9822982049ccb,3.6228526803528416
f7062710024d1a3763e2,3.739148490298951
a1a0a69ce31335e27ca5,3.620926777571774
ffbe29138c49c71f6b4c,3.6674535361848575
15ae5d869e369fdf461f,3.3084757192495067
428a8828967370d55f57,3.1674226449996103
c3584a61453acf6ef02b,3.467959529388245
9800c3836698cbe49be2,3.2618902676903963
c077bc44687aee937b06,3.5481323010471533
6b3341bd593a45c087da,3.569009153526472
a722302597ec29666326,3.5868830865997756
172d7f82546805986fe8,3.220918581246301
6b583822912aaf2879f6,3.4385896258929938
b7c207ebc3847ba5875f,3.6750269713729926
c26fc7dd8f72424216f6,3.54964194006154
2b43531d65c70036e0bf,3.4163232220722852
71f2b702d98659ab20c5,3.215258347415065
c26a933d6f80ce6f72f9,3.1982727491745413
399718be25cca7844000,3.418403239340498
48ae946346d3365d7626,3.175823327162525
af4054b2ec94f7f8aa17,3.24386121733638
0f926c1c11224ba85d4a,3.676693528002338
0b751654ac4933c2b651,3.438164276429311
cf66e83703bbd3b3ad38,3.5875311672212638
3eccd85c4e6cdf67699f,3.439575731579075
6d88ae86d3b47113b28d,3.454700554290489
8168f0fca35a0038eb13,3.6859335275041394
c0b6785a2eb25f3b8e0c,3.1872257482250097
b53c41f88f9c602e5182,3.2335110738892103
bb2c947c89466df6ff6e,3.536616944468128
d9a8239daf055971ec0d,3.4180497306930624
0543d06645d0d8c3e666,3.0628804471109197
fc233f48ce1783ebcd62,3.515443549254619
3d8b3f45b24cd17bed3f,3.613404563275842
244d17a2b53b35f1c186,3.5057329935567827
3a76356dfdb570ca20bf,3.6118278654833693
2dfd6dfb0232f3135982,3.4725320051600397
b4b6e4d183c231eb35df,3.3769530269077768
a747e788d25aa6dbd25b,3.1704074874889647
c8e784b429d77a5e3b4a,3.7208386043730206
421194155c37833b70ff,3.4999028460306
b25763dab2ae54fbdfe1,3.643156691658951
c15b772056e8ac10e0f1,3.646305483035653
28ef68e48097ef179f1f,3.659209145121813
908cae1889be2bf13964,3.247265464953691
7430ec33919641b737fc,3.0390560364093266
731f32064929f8a75550,3.4277500282153914
d6fd9de976e9d6487131,3.4658945611954755
071ec77189ac4bf36dc5,3.4793566869257324
6f1ee39d20373f24caa6,3.6402358996280304
c75ef0e498b4ba39673f,3.6121239692426093
4d63992b976580c0a225,3.4633474346747084
7f2cdf1d38aa59b5bd55,3.736854624413204
8c59f098a367e98eee4e,3.4773693227432636
34c29197a00ff047eef1,3.6163439818550023
fb4de00a3917721e4de7,3.6225109366208903
2718e1267ff24288dc61,3.5289431968953044
c066b0ba25c6318b69f2,3.3699015205788987
b86c65630f04b810e24c,3.5734771847029583
5ba8787aa6c0d1eae1cb,3.5880855015340307
26209b77ea930837b412,3.6434660697143135
a4a66d8eb14ac9412a96,3.679187158410591
097fb706c75960a6e8b7,3.626766519777866
0edbd711a18b2ab59709,3.578409282815719
b507205c9b9d39b787f4,3.5363713418403426
58f0cd1a053221061397,3.686427873726436
8bc39979c417dbf4c397,3.4765848736468774
fa82cc95f0023a0549de,3.6379517775732415
078803c1afa96d35ab5e,3.4942070030908985
81ea1ca3ef0c6654aaf8,3.5191979724324574
36e26d9018b0a7dd765e,3.6435652614883542
e1c62276a815b5ae9d1d,3.5004195777444442
89dfe72f3b14bbfce98a,3.212405434073694
ae30d5889233c9f08883,3.4596992606956496
da8d77e56f331bbb0eac,3.4853792177750256
b6c830c479829cb93323,3.689943075773747
afe6bc1332bfe7302f76,3.425368521951234
1ce7bff4431585869be7,3.3485211276059976
a9969c5c4e64d76a1832,3.553187100440275
4124d00ec71e7185cd73,3.596696461596557
04ee36632022b23f5f31,3.489059549343515
fe89d41b7c2be4d7ec13,3.260338272478541
caf5970caf9e01f1aafe,3.3249939755350715
8c77be9ddee8741a9151,3.2649000864816093
066782c652df7659e4d7,3.4353689149253546
9d5d299a25872573a815,3.5831295697711516
c8902cdf1b5b6bf7e08c,3.435632831375208
3dd1933d7c4a62bb1f66,3.323790578751889
3a70ded801a9a0cf71a1,3.7326680779202297
3fb782f0da593a862429,3.6015008001243336
e3af2e5adf632be2ace4,3.642323673595363
9cc3ac9060122126bfc0,3.62853937963441
2837810c5ddd881caa9d,3.534932255883084
dc2c9d51a7924a984d6a,3.531475962511897
fcd5b64cf94d45fbd234,3.685385521661451
b6bb102779f51b0e4636,3.4218973847196343
46861671b7286b0de76a,3.594148787165998
d506ffb81e0f65854f59,3.408873909415397
34b50368da64528ac684,3.3398332788464904
4ff296b9d480dd38548d,3.3311255414802963
9ed9195a91449bf6c414,3.5969735329292893
3d56e09914b236c7e29e,3.601069307674911
aae729687e21ea436c19,3.420849842319476
bf8a05bc442c846ee5ee,2.94653371852555
1c88149cce4b521970c1,3.4385497115407224
048126563fe1c6ad9f74,3.4292397580589613
4873b16cdd7ec4894770,3.585647532025937
934f29bafcfc130067b8,3.431322292300158
80b3380f44548550371a,3.610955751534468
34e5972ff95d2d90ce95,3.620638089449833
e840ca6140ef9595396e,3.2530043170026692
1dfbc9ada95695804fa2,3.7034668164277127
ef10756d4cadb0b8c242,3.340628030370815
48ae40d80d346d81b02c,3.6656939408320772
42d57a1f9b7d1ad8323e,3.7079909712159838
e5affb731bd4cc351ff0,3.464027033949683
37e0f8d47d1ff130ee55,3.4796951230875015
3facbba5c0936ed3e83a,3.385435912011949
b0646bf24e5ef367c0ea,3.609913488420566
e68317b0cf67403ea0c5,3.0965702589378656
9412cc8c694ba6051a3e,3.378718081071688
136571a7be1e53b0e390,3.359451003585
e775872c09fd03f3bcad,3.446734335396477
03b9ca7cc4581d66cebb,3.6687374521688048
c6d7b9a998a1df5339e3,3.7393917998766346
3242f4e47dfdc6063067,3.406196805632894
19a0f0aabf66f9e35301,3.4117186177623102
1bc40006bfd343fb12b6,3.491341938162143
922e4449e5ba8531cf7f,3.6054925870185093
76547bf7433b31268806,3.36714608845866
20bf24eacf3ba06ffc5e,3.537608141536075
ea54ae61396b612ac662,3.4394361750173266
4dbf8fbede4397579dad,3.4808659318079185
fa0d41677d1a3ab73cb6,3.637865131918111
b6c6e6aaed362e287445,3.5647795636239357
8d3fc97aff548e0e4f30,3.6002617304551086
c86747bc77b270a67976,3.542406399011006
29f59c6b9ac42891780e,3.549019746005931
70624c86842bcd0ed5cd,3.3892062458304713
3f731ff8b061b806a3b9,3.397039850811459
338a8a294444b98e94f7,3.2461420341274083
2b113f98df5f32d086e7,3.5255341295345692
f1bfaf6bb5efae7d942f,3.5196658393690177
268d0bc27da18347a828,3.3730935952991876
a74fe5bd54e87e7b93ad,3.585471443544768
7c62ed642c9c7af26c88,3.488075075978336
96dc7191192c5d401f1a,3.4232952615616545
bacfb87c79b77cf42543,3.4971473650241682
37d969d2692954869b84,3.527412027255216
442c981c9908c06fae64,3.4325155136097214
bbb2decd8feba1de7cf7,3.5264337431346666
2eb78bacf2a5083f1664,3.4960407807601177
27072cc018367edb3b85,3.5916618568357626
f996c29b46ce6a7005c6,3.334245115829922
c908d75bc5c5e1bfe645,3.514584562756986
26bed1258fa4999cc50f,3.5549416397089066
8bca232770fabbc1838a,3.345152215136543
79dcd63ce661e9d92cf3,3.462290149058979
0e839b5091620a576e6a,3.5069168434581774
b03508484a7e0890a2a3,3.633347809869483
7c91faabc7bb919d3255,3.659779314471243
99ea4253e4b5496b2ead,3.602529220569088
f84575bd2aab1250c750,3.6062617073635783
636e6a34d18a22cd0f1a,3.2503771509685953
b813d93fe8aebd8d6348,3.4699870618990962
2e6dcb47953d4ef70848,3.424720037988002
c8d5a5ca1365fc7f55b8,3.4669734925349394
3c01e782061519eb72bd,3.5919143660384156
b6108a0fa9284838de30,3.220965689827344
9a93bd84aa1790ebef02,3.5083818056937366
b65553d718ebc0aedf66,3.2772313987228676
e2c72d1f4372e8ed3c52,3.3795988453250265
9288bb9480823f0e7efd,3.429332950643775
e4a33616d91305d2fd9b,3.2383646754313054
3b4ccc72770c53d364f4,3.1569056099989075
614941e4687926657cfb,3.3018430844504882
4e3e876f053f716162c9,3.6067181461115387
6203373ee798fd560286,3.3295035935142527
a6986423728fcb1b0a58,3.3998692675598
ec08d044206fbc48475a,3.6324104528243515
91ab6259e53a2841ab16,3.6274923588005867
bf44acdc0ab0a25bebe6,3.3673572604648347
cd3f440f8c3682006d4e,3.406514492127619
7e2e4684b951e4d155cf,3.094424807272751
71cf871d0f05616220b3,3.6531228565680953
0444f1e3c536473a4809,3.621131867054337
8e412e6c1fde20a12523,3.4605259517464537
6420e1acc3b008d961e6,3.7859038210035783
a34a66ff3785d023f784,3.703884721321365
5513ecb960d9f440345c,3.444714970345067
bb8424c2efa88c9295f4,3.5059071151098555
740dfee9107b3996d242,3.6744331670830865
7b95c86f71bd82a2b679,3.4770779988476397
78984cf08bb7fa5a3960,3.159832503691823
5b6d04cc2656813d2c16,3.250401018815146
e685c0fcdb1eb73fd0dd,3.1161830994836555
63bf3ed035fa5f731ce4,3.08046365051134
bfbe9a55ee5f44bbd8c3,3.257264122319575
8f25b1f71935770b1aeb,3.5745540921772863
b9b106d08d7b9f760b5f,3.3971462304152373
feacbb25e458d0973148,3.3145166807856503
c9aff408ee3dbd30d870,3.49910493828306
33375cc6f1f29775ea91,3.532338427402144
58c61d8be43124a8bd62,3.172334951320429
562a7a91d51d91c8387a,3.46420157416886
0017bda68ec72f8b1ef9,3.4343665257173006
671f5e0d671c8a375516,3.5768841911693334
afbad3be528dd3744427,3.529343192111944
6af6d3a6a9651af0a855,3.477924470966193
482b81c7e5b8ec9ec73b,3.494988472588793
76c6221ad795ba1fbce7,3.5621976634545467
49869c835bef93690de6,3.4516694955855973
b734890408bef6460f29,3.458225403389597
413fac725a59623d3690,3.104809164261858
836c1357cd114a3340ff,3.4245112874580945
f198a052ae5048b89ebc,3.356020475986802
5f714cd8a23d28e09f57,3.4241700802854416
23b82fd5eff67326cba3,3.6793727356241765
1d36e33a8086d148ab9e,3.412198382902111
12a54ad4c53b02f17149,3.5059357224149243
b461df02c6c36c2f28a1,3.576256935956528
c027bd487b128014081d,3.5048746918010556
8fe519b6eef341f08ba4,3.587213655940295
00ceac1201da26519ae9,3.4338120052323324
0ae7f2e53d8a6bbfb6c5,3.4920366372394005
8c718933536387e11757,3.5635317820983436
853c55d3d60f0a33cef7,3.437970157104778
946c3574b2380aa76402,3.365921024257225
4c11f9fba42ce0778393,3.6165576396466212
bc5a69b9115af433bfa1,3.568553704459439
b9c2d838fa55a6232225,3.3577695178246563
b6165fee696e0ea56e55,3.2957937844934895
ad1f2ca0d0b88b1abfb7,3.6999358676313454
284fbb67f53f49d0eede,3.4446753885138923
27a32909d967ccb03d4d,3.641287994338504
d7c767d077a55b74e8f1,3.7941429377052804
a75e73f5b77cbd2c098c,3.4624398627081154
a09deb2d8a79a011baba,3.080686957650946
0ef88bdeba62aec7634a,3.3895414443273557
bfdaec49203e7281babc,3.5974562530448315
31c3ea8e6b07ad8afeb2,3.2411460065558435
e44e5ebe15efc2f275b5,3.7116208416300855
f4fe0dbf667ad4645268,3.4598414674006994
caba40f114a2f82371df,3.3087226308798767
c62c97f062a72a6b7a4c,3.4791933708417195
590b5279ea68df524842,3.629461031335743
710f5d5b2438ee092a15,3.6299942949336446
10dfd78280e29cbe100e,3.5621946319280573
1ee21fdf1ad49f59c472,3.237720631516047
d48a8c32ec4cf67b9de2,3.5166708320102407
21405945d1397eec3316,3.2210425100837687
244bd1308aa654f0e328,3.3641106878945584
45c627ad513919f793f8,3.60744859856728
27882b30d77f45e8a817,3.652551259647132
1ed877127ce8e744fcb0,3.467560828813496
80720542c363fc77c202,3.4372001859335546
e1cfff8b447022807a0c,3.4995184560358075
8e8d31be33323d927672,3.3770266189050266
7668dffd1f4d5db4bb1c,3.5961728625042246
c7157c94c2b908233234,3.6367087240912133
7a4b34bf49d265d2b978,2.8347860129058153
deed05ae239e7a806d8b,3.5895963097645085
78cfa3e0de92b94b11b5,3.3742518964296186
38ade92c5621e9d17492,3.6336885007439355
876d3513652610aaa36e,2.8126199886126733
23fa3f79b7fd8eb4dfe0,3.4839451343015275
9e52f4d40b9b2eb4bad6,3.304182775513559
38b4e131d64324bb41bb,3.241652965935791
87a25944566ede391465,3.480627463691369
a7a68db96ff0f48f55c1,3.363263756310878
523c5dc11f8b277634e7,3.6783243159868766
dd75dcb42cca85fcf3e6,3.4530521982076356
93e61c5227df66ac71b5,3.574006390149825
47257b6ef34aee4154cb,3.6209323913803564
8c8fd507679a4b4599e1,3.6786777889358495
5e5902c38975ab65a69c,3.7248600376022614
fddcd0f299529a74b717,3.47661935059019
42f5a2cb74fa7a682437,3.5433946335750965
9cdf0ec90473308249f0,3.2408293037714975
97ff42301157efa032fa,3.3610171082471174
9353ed2036779f15cc75,3.346858573798179
4e9da65eb160dcaae53b,3.3904341510846825
81678131b81300b6e9f8,3.1255679911559104
57b35932b4bf10c70820,3.4244800203595878
4835c30e388fae5a3490,3.7084725937381995
04e16367347bcbcad4e4,3.560894221533508
08e1078ec8e88e3ccea1,3.5339901129400095
c556dcb16a6b9b00f7c5,3.1196807067471104
3fa2dd55d05d1690a49b,3.6402632968721127
ab6c1d56e37b7ac2abff,3.4824311587583088
d813e1e48294c18a39c9,3.234554303548996
b3ebf2ad565861ea51cc,3.4981905383310368
08ce8229afd0d02f8700,3.404591016511538
c94dab83d71c58e70d17,3.5722769266617638
3206a13a491da10b4d55,3.53790576496285
a4089c0599f1379fad15,3.302995453049241
bea8fbcaba48184c38a6,3.6706430336339144
c7567b2627259c14ff09,3.3937902144839063
3c6e22881151508d0450,3.6081686476087134
7cb73ed9c5aa743828cf,3.555226705392065
48d428cb550bd064dbd0,3.5971868731608856
50c5e46f3dfc6841581f,3.5369056004986623
9a7ecef292a3dcf60e36,3.480101136612425
ad9e27199ca0603d7a1d,3.094257572147874
14f784716ee531fb5198,3.1336306306121378
2b27d9e5617c25bf472a,3.6727566676872447
9212c0e9c0b0e42fbec5,3.717063489990969
3f95fb40f978ce807f3c,3.482660366638945
5143c17d90606c5d88c3,3.4151637297922752
bfa3911dad420deb5d58,3.402391809820549
74ca5555a3d8c848e713,3.4879469418633198
7dfe4c4880adecc8c519,3.4828762339976356
7b6d1e4bfc294c758bd8,3.521647271486663
779e63872d88be04c2ae,3.5265698398580048
1327d0992f4eae78bc22,3.5504725765038847
3ea49dc464cf986c240c,3.524734276166803
c9a54cd89ec494ec5263,3.603000079315186
e0d3b05f65ed9720553b,3.162187783860893
578d4875122d9350bec9,3.609990377141421
3fa837802488d18f1f7b,3.420642643591086
b6d42fbd8e0957832b17,3.3234069428395037
c2021ec9b1d821f106ea,3.4899597713265598
a2c8533ebab0240ac78f,3.2124522676068272
e4241689000ec8bb73c8,3.4087801836673384
f02281f425b342a45518,3.0781413078019773
b7ca8158612b393183b5,3.54745823101151
5fd60162b0ba5f23138f,3.562623582810679
b6b674c068d162d37553,3.5036399027092306
885a078a12b6150a33f9,3.4827031803310637
525a6347fe7f533e4522,3.5232856057646904
fd0fda0711f84bae0072,3.4843088446411548
e3158f54a6b8d7e8940c,3.6514739483804624
01abf9770029ba4b431e,3.5932623892288325
36c47de7f242cae06877,3.561264720785366
472918f79303e4cf9e45,3.550167997393337
e01fe3e7a37322d94dff,3.648948006636508
e73fa6b6f23d8a6519d2,3.6625279670111786
0fbf813dda1df7f12e4c,3.5314820779718934
2aea02e55efa7464b53c,3.4679591197757054
c1ef1265f73d2569e961,3.3712407054280993
8c58bde564d898502e97,3.399584087262858
e8b6915c5d66a9dc166f,3.542920028021192
7170a1d1f4a9e692e220,3.761581135339859
67a4ad49e1118eb9dcbf,3.660848862005614
f4ef63ec5d7630bd3d5e,3.075887987568442
a265a33ca38ff4190fa2,3.3547037333711023
e494287654de28dc8785,3.681144849397149
5f45bb444d73d63d6f9f,3.5086799581794343
22da73a201a8a43d6515,3.6202282883717976
cc2ae4442abfd99f5fa2,3.2428947406501356
f8c8aac26f61de6ba40a,3.202479353353417
6ce154838db95b007da1,3.455172473684761
a8cf2647c0ee83dd2d5c,3.351927813185191
4d1c910e3d6e15a0ccaa,3.727769255176404
d2e39ca47609a1877574,3.671127427241138
c52648dac8d3945cee37,3.6126714405519555
9c4226674a9361ebb008,3.44887310906872
09e4912aba7d343907cd,3.4557336722214336
91b7a6d1961bc59abd4a,3.3785929023909693
18ab5a1cd4e96f902fb4,3.3287517045439676
b01ec991e98acd732b3e,3.5732891772368793
3a10cd084b054bb7bbfa,3.792139956679498
ea1b9c640da784e600d0,3.530514628213175
1d43a2548ad477262531,3.611944797531712
c018e272025a518aaa6c,3.4939122171772032
1ae09a72e49880f860e4,3.588074902721096
78bbf799d8ca3250f25e,3.316265055631354
2dd92678fe82da660f9d,3.3239161335545964
d1fd9a0e51b021bbe630,3.6933830296249743
7515f5b4e156f9ae29b6,3.651086940430523
ecc69a3880242c6e3dc3,3.413706159645435
53676de96fa00fff59fc,3.579484020275763
cfd92011b33eda1e4984,3.4989679595789402
8a44900a1b2a7a6e75e8,3.546739020887535
954f0c6f7653ab899ff2,3.727337495952006
ecf500c54dca0abbbc1a,3.401386079062113
0a480fdaf0bc21b98cfe,3.2697350957240223
8008171abae79d9dc916,3.4562286775067923
8f7324d096249b3aef68,3.548806046895968
6d1bf862bebbc95d2e09,3.5415618651262752
52fe94cd20952f76cf01,3.5116159794527197
53a0a80338d7b8f4cfb3,3.5051658306273543
ca065db021401a796593,3.233035788319021
6d0326fcabf954061d0c,3.7468971041818326
717f554d8cc710cb7133,3.6035806353823068
60123356a227537acdee,3.6598946676429227
55b550b8c500a0931f42,3.2381157724152194
921f3daed56290692e8a,3.2397760490885252
3b6800bb4a018aecd139,3.316418857958772
85ee332708472f3cccbe,3.556941283803062
5c1dced09266c8b1eee0,3.559596125201913
8b2cee30a82ce8f6053e,3.280535146556381
8a04a9c080d20ef7cf63,3.7385068806543904
060cba9a802efcba5430,3.41333926254267
985d430149688b33f5a4,3.4589592159896005
c12f6a839738e55fdc0b,3.6025570463925964
2f09e35749430d5cc6b8,3.549083492384759
4ab363e925336d6198c1,3.574991380409265
093b2da4556f1190c1f4,3.382329250185328
76aa460e8d99588bea2d,3.6506063193833347
7f676e9078bdf32f1f12,3.3778449306347715
0d31474a2269f817bb21,3.517519979618121
e73fa30d75e6e033002d,3.8116354509060875
fe8fcc686ce847b964d2,3.342651105941818
3357a83abcb2192a7317,3.6187148819841104
960d082d1004bb3cbd2f,3.5840855719455567
259100d163559ad1c956,3.5900744346934266
b31960bf94f3212bbe35,3.635840184310516
d8d52323f4923930e9f2,3.2265023911760045
2ba3944727c83e434e2c,3.4228982074421515
9c17e2f330d237af8bb1,3.5051715959281955
babe64fe895f42309991,3.516569962957326
f99729a8f6ce1e246f47,3.4587870213716405
5264c3d86da84385852f,3.4717657641107484
0c935d45b48342327e10,3.471225701667513
c7d5208fd97b1919a1b5,3.3262894019270766
898e12c341494e92d9c5,3.5893977345645203
84348c784b2b5fede15e,3.6229776969104455
f6cd9f742abcc9719363,3.3573722505761543
1fad179c28eba8e4e082,3.4659995265183374
9370691d3dcdb813fef6,3.5432274445878624
152ce7dbce41d8654a6d,3.9679021208115364
19a28331461bfa0ba163,3.4726557201304535
648948a4b6dab8f6a983,3.5223654350206948
9486b5c1b4b7a2e64a42,3.4867771879682072
0c0c89f232f50715aa9c,3.3990853587369747
71a9ffca29771a07b773,3.399249379861394
3421dfbd7ec8fbeb197a,3.5809278400502285
eddeb00c863c211cad3d,3.082297127095578
e3182d28dec0c1d009c0,3.392414244392021
e67c47085a15a6c063ee,3.4416251791892796
a11c05595c1ce2b549d7,3.490702983347794
ee989bffe64105db76a1,3.2890508717031457
09f73a39d4a0bf9ece0a,3.4710180130516255
0abcb8360b5f7657cc2e,3.534005491949208
2d449709d8eed184e692,3.4222021326910044
384f4ee7d555197739ea,3.581518618417838
9258089c4154f118ad95,3.146356512016175
8dc9aced11a73d68a84c,3.735573184428538
9ef7d1a8e18ca6e43c9e,3.2464521315177626
2f1c97540bb53e469966,3.2260515848613727
aff4635a7170c5e528df,3.626131315534244
6935e2f7599d3278ae45,3.630857707285279
ee91c2558239ce87e838,3.727821213899822
373ac1b850d8fa561fd2,3.5992464566084186
f591a1be8e1ea1a27406,3.5911963867107692
dbe009c52c905ad0bf32,3.3975259717500057
a4eeb77d342051b60c36,3.330907704124704
a3566f8b5924ca7f1a73,3.692575607503634
47dfa334531cb590a740,3.3557259079433015
8067a1a6e9bf5e7d02eb,3.216812608788607
9f4db024f9219e32c682,3.6692217806431904
0ec0e9d15055f50ad407,3.5898153149896848
7c746dd9493c50752bf0,3.583749330864996
5b3c993dcc30495ec7cb,3.5454607548736226
5a40743649733bacf359,3.674425102596465
f1aca312ba5408c07011,3.5481065709440918
f792be87647a817da3f4,3.4520975350010508
e64c595732b5858a6549,3.5917243245333657
17b549a0588fee0bae68,3.3152503468892496
41b5d12926a83cc72f5e,3.563056376493214
7d66f03e3471ec327d49,3.5685527644585795
c0b090ab9a72ff7f1693,3.3969810650571253
fb7d1f5908db987f139d,3.5581736297029556
45c78eb3794041cc9dc6,3.5603573822611656
ff811042a735737ad3f9,3.4433645209405404
c26fd39c60ff3b56eee2,3.404984363249148
9ee841b5f52395831fb0,3.381515772428279
ea5a762ad95a4fe0eb6d,3.4385703320015386
dbe8f866f0db3631e2af,3.2297940503843483
546f655e7f252c154118,3.467232711341203
6745716f0400b7db4a11,3.484870577659499
7ad8349bdaa01fab29fe,3.529472944335814
cb02343d0d6fd2dada16,3.3844536037884927
892db71cf4442a78a83c,2.908021741326272
0ebdd2a1ab896ce7705d,3.4441465957974264
01b4e731e10fd4e82659,3.3711731198800043
81e83c9744dff69fda9a,3.3250949392113034
ab5cf6d94f56ea7a500d,3.65535907661151
9edc5c32b8480615390f,3.16600496442313
4bc25815921e1722eac4,3.5135281709875903
27a0df53ee355022112c,3.3333302368711974
be7945e5a212bf36aa6b,3.5983605413099076
14f2cd48636d146d7ab4,3.2204719249436016
2cd13b3913398886504c,3.617721808307201
693dd2c5c469c898b4a2,3.7472017412393006
eed0ad608d243d87c5c3,3.5273562593269707
aa0363bcf69081c81418,3.590108304628834
a37d8d3c1a7afb0aa0b2,3.5550681582835386
4332e1a7ac26a2ccd8e7,3.608889328797793
1e533582ac3e637b9fdf,3.5573339829005226
2271f3740250e0767117,3.244399837977787
b360fd649067aac80e79,3.592894006338347
406745b1f3cf2ab309a2,3.5853234810297954
105f6fc6f7b6c4d24c5b,3.5492123583847706
a2edd9a28b82a6c854f0,3.8757682801325677
a50cf9ada6bac3d61129,3.406203965997938
57d825d33ae028ed96a0,3.459397853650919
a5e05f58d68aa800571c,3.731445758612913
0f18c0309d31160a0e9b,3.697539702952745
3391d791d313ef1a18b8,3.591304080211862
39db1f8353673f38d730,3.6113244501801978
2987f2df854cd5c1c480,3.2650519426681717
922dca24495afe0cfca9,3.645815123525856
9d5e2599c4b1a9c3f355,3.5269528892449307
f441c81859924a87e910,3.4412496067403913
d846d93742c7a49edaf5,3.8103141764467727
7ca9b1df45a5c43ec791,3.5171253886131444
0d24581a0cef08effa97,3.3672853806887337
facc56bacfc6fac569aa,3.608986434674896
28a81c053ac64c6e1d7a,3.522600531581154
07fe36666ab441f3f35a,3.280853977017805
bd4b991ee75155a801bd,3.5785209837793195
1953c3a51339e37c336b,3.4676251633052493
233594d3f9d1d5667d87,3.5944505063880205
ca34a8345cc1cfc06804,3.4875283198189413
8c65e9d06aa425a75057,3.5562718996557328
5cd3a77557d4b8426b10,3.2273529414760196
c4cc69bb511ac6e72d56,3.4133642349979345
e454b489a63b6b2b5d43,3.1863532644886936
09d2f42d5bb05f0be65e,3.3662849938524095
95c50ab274a2a268956d,2.9745938025366376
62c9f4617262c8b19d9e,3.6173585986969305
dfe15e77c7b90beb39f3,3.2355246681220455
b5e1208658e9720655b3,3.4226179344391516
426152a6e08019c71b6b,3.4068430062091215
9995ad07684f9b1fe481,3.5171020927862946
7b478c1a3d98470e30da,3.4724763227939865
3b067bd66846d7bda046,3.2506778757775896
5ae317c80877620efa16,3.188610622567487
58ad6831a655f748ee71,3.3473186986090786
ceb7a1a5d9f24adde73c,3.6503933967070656
d2afdf404ccb40a71eb7,3.4979345153504573
0288113368f2d0dbb6d0,3.245010446712363
8f9c2b11454eed1ca4d9,3.4848975612952335
d5323eee95ad98979dc9,3.5174758757333597
dd766eaedc22f7866b4c,3.675730249058197
270cb7d7ff18fc80823c,3.138186832264714
457ecab160ed4546b760,3.321550816471322
e617c5324a7deed93390,3.3243218155019667
32a085a06d852fc93fb3,3.439347085341942
b1a2e5861bb39908d447,3.1612915497556378
6147b9f8ea6b4aff08b5,3.277377566007565
5ede31a12a20e8ee35f3,3.7241693316481905
f01352a40f5e41763c21,3.5930231450025962
1aaf219a92703fe63ccf,3.4152639283410258
fb35650da043b6d689d6,3.28379691964087
6bee4caca8ad43102036,3.30524042902882
f4537f164a84ea2dcdc1,3.413566266289954
ea2fd928f19302ebe99b,3.644861423275379
ad1b8a6b6d4ff8b110a4,3.692848479620202
6b29c631ae51d2f70891,3.650251104012475
f2baac6a3930c2e82007,3.3588711923732353
11cf3e828f6b05a4e43c,3.5814250268772616
75628713f47e4cd17b46,3.342793166696615
c1acbbcd6b3e1e63465d,3.3601221054289203
3a62a94ab6c5f1a9af46,3.558620765832038
c153b88ad0f8155da314,3.5444440140969595
ffc5099145f4254fd58d,3.667524177523055
0ef370717601cbc2b32a,3.5547453359860333
4f051dd93bfa492134b0,3.7046333459125753
ef309c78986e2e71510b,3.5034755905980637
b852fe5797d0d4d2dc7c,3.298934253658124
6d8d0d51394838cae222,3.503890032681361
7fccb8b04181f60a5991,3.465463189708678
522c7ea8c3e628025544,3.598467419808535
82db1b85e4e9bfb16153,3.457094599587342
11c1f350c036952966b7,3.3221917257644327
8a49dd9a61093babfe2f,3.6147242889927815
5b1539e4abb9fbd25946,3.5917326489250376
5641598f264fe6535029,3.684860335713913
d6a01d493f7173e8ed7f,3.5131971098873214
bbb950e6e6e1a02ee9d8,3.6133529637740116
5858a4a018e3a16c270f,3.3445601495692676
8ba652e61668991bf7f6,3.472326541405457
9340188516d17ae430af,3.343737952282388
ad6e271a24adaea2c0b3,3.6060095426417638
dd9c13ee16379261ba7e,3.495842027499825
994d27bfcd1754d08245,3.2741671442973006
3efe6a275e3113d493d1,3.495862051176707
d1d64a82e383344e789a,3.6176646882290333
52b60a9da8c7f5745f95,3.6140541724643844
517e465093d837cb85bb,3.514498222295706
803055e9a94b1c8d8b9a,3.5543322165599625
1c55dd1600e29c37e4da,3.6806741392016624
24294c92bc07e1c2931b,3.6614476792588766
ffa87d40ff0c05661542,3.3578283447258945
5c0be076d002c01a9f1a,3.5216766371516632
f76f2d0c90df45ea38dd,3.6927044341199666
c1e76993cc0bc4159d44,3.4847343216697686
afb99e72f9593b7d5605,3.4610000214955425
c32c2a7787b5965dff89,3.543794568082567
4567a9d81e66da6d460e,3.487678987744821
a6da805800559fa67f7d,3.4642515808654
f88530cfc3cb06e69242,3.1582107905762973
762f226ea5f25ccc0cc5,3.5105290783086707
511b45363bcf29c5abd5,3.294922928237006
2f601e4cd10aee3abc75,3.4225217552163576
fb3b09c62d4c6ce8cfeb,3.372567208799885
c049cbb13174f5d04e99,3.5942731016046627
e303d851c95de480f29f,3.514004648152045
a80c2f6ffe4af5964451,3.3373420182915856
7b35562fe839b9f2b0bb,3.4050642567937848
b99648e784ed1ce30089,3.4185905999387023
d9ea77de0f9ada67b62e,3.7431831822820163
71acf5fe5f721262f89c,3.1659379933888863
685f127e318ffe70a3d5,3.396749953343451
3714615bf6dc79400310,3.5169786275959813
e37370a4a5b13e20b354,3.0764003340832096
52affdc69272055e5bbb,3.7008709116746763
7123f2b97848f6f25842,3.1033801226364153
44a34aedebfdb3e4d6b3,3.5926954504987725
9de9853366a5f1260b32,3.4990576018512547
4a33f2e26fa3319435be,3.2317447766647183
e551fcbb1a2d8fa70429,3.1851395547712036
c3c8d72febe628a112a2,3.37967744729817
ebccd6a3bbd6e999d9a3,3.678376027456486
2207c29398e4276c655a,3.3448582263075854
a95c9ce3a0daa01252a1,3.6207968120350733
4af07e9beb5b343fe532,3.230352041404408
46a7db5bb540f84fe6e3,3.4806611161636374
36e77f5763c454c696f9,3.5947319606842347
2ae6110b5e8bb0a6d3e4,3.3792350939397897
b6e73026a2834297aa57,3.3806946463371537
01c57f75f8c4037992f7,3.3961632726592006
585e016e7903d3e0fd2c,3.4206470665332835
cc5fe17ff4fbddbd870a,3.416260067754158
33131830cbb90d0d3cc6,3.5286242250201303
79f24865538864da6f75,3.559671211768964
5461b60d68ba7b1d5a43,3.4950766571162353
